{
  "zeroshot_solver": {
    "n_examples": 7,
    "n_samples_min": 16,
    "n_samples_max": 16,
    "pass@1_first": 0.0,
    "pass@4_4x1": 0.2857142857142857,
    "pass@16_any": 0.5714285714285714,
    "pass@1_est_from_n": 0.10714285714285714,
    "pass@4_est_from_n": 0.2911302982731554,
    "pass@16_est_from_n": 0.5714285714285714
  },
  "rlad_solver_no_hint": {
    "n_examples": 7,
    "n_samples_min": 16,
    "n_samples_max": 16,
    "pass@1_first": 0.14285714285714285,
    "pass@4_4x1": 0.14285714285714285,
    "pass@16_any": 0.5714285714285714,
    "pass@1_est_from_n": 0.05357142857142857,
    "pass@4_est_from_n": 0.19999999999999998,
    "pass@16_est_from_n": 0.5714285714285714
  },
  "rlad_hint_zeroshot_solver": {
    "n_examples": 7,
    "n_samples_min": 16,
    "n_samples_max": 16,
    "pass@1_first": 0.14285714285714285,
    "pass@4_4x1": 0.14285714285714285,
    "pass@16_any": 0.42857142857142855,
    "pass@1_est_from_n": 0.044642857142857144,
    "pass@4_est_from_n": 0.15816326530612246,
    "pass@16_est_from_n": 0.42857142857142855
  },
  "rlad_hint_rlad_solver": {
    "n_examples": 7,
    "n_samples_min": 16,
    "n_samples_max": 16,
    "pass@1_first": 0.14285714285714285,
    "pass@4_4x1": 0.2857142857142857,
    "pass@16_any": 0.2857142857142857,
    "pass@1_est_from_n": 0.03571428571428571,
    "pass@4_est_from_n": 0.12244897959183675,
    "pass@16_est_from_n": 0.2857142857142857
  }
}