{
  "zeroshot_solver": {
    "n_examples": 30,
    "n_samples_min": 16,
    "n_samples_max": 16,
    "pass@1_first": 0.13333333333333333,
    "pass@4_4x1": 0.3,
    "pass@16_any": 0.43333333333333335,
    "pass@1_est_from_n": 0.14166666666666666,
    "pass@4_est_from_n": 0.2765384615384615,
    "pass@16_est_from_n": 0.43333333333333335
  },
  "rlad_solver_no_hint": {
    "n_examples": 30,
    "n_samples_min": 16,
    "n_samples_max": 16,
    "pass@1_first": 0.1,
    "pass@4_4x1": 0.16666666666666666,
    "pass@16_any": 0.4666666666666667,
    "pass@1_est_from_n": 0.13125,
    "pass@4_est_from_n": 0.23630036630036633,
    "pass@16_est_from_n": 0.4666666666666667
  },
  "rlad_hint_zeroshot_solver": {
    "n_examples": 30,
    "n_samples_min": 16,
    "n_samples_max": 16,
    "pass@1_first": 0.13333333333333333,
    "pass@4_4x1": 0.23333333333333334,
    "pass@16_any": 0.4,
    "pass@1_est_from_n": 0.11041666666666666,
    "pass@4_est_from_n": 0.23384615384615384,
    "pass@16_est_from_n": 0.4
  },
  "rlad_hint_rlad_solver": {
    "n_examples": 30,
    "n_samples_min": 16,
    "n_samples_max": 16,
    "pass@1_first": 0.16666666666666666,
    "pass@4_4x1": 0.26666666666666666,
    "pass@16_any": 0.3333333333333333,
    "pass@1_est_from_n": 0.11041666666666666,
    "pass@4_est_from_n": 0.1986813186813187,
    "pass@16_est_from_n": 0.3333333333333333
  }
}